Workbook
Name Slicer_order_year: #N/A

Sheet Raw_Procurement
A1: PO_ID | B1: Supplier_ID | C1: Raw_Material_ID | D1: Order_Date | E1: Order_Quantity | F1: Unit_Cost | G1: Delivery_Date_Planned | H1: Delivery_Date_Actual | I1: Total_Cost | J1: days_late
A2: PO000001 | B2: SUP00059 | C2: PROD00116 | D2: 45370 | E2: 10 | F2: 42.345023 | G2: 45384 | H2: 45385 | I2: 423.45023 | J2: =H2-G2 -> 1
A3: PO000002 | B3: SUP00085 | C3: PROD00153 | D3: 44371 | E3: 5 | F3: 74.805687 | G3: 44381 | H3: 44384 | I3: 374.02844 | J3: =H3-G3 -> 3
A4: PO000003 | B4: SUP00097 | C4: PROD00170 | D4: 45154 | E4: 11 | F4: 76.080119 | G4: 45171 | H4: 45175 | I4: 836.88131 | J4: =H4-G4 -> 4
A5: PO000004 | B5: SUP00023 | C5: PROD00016 | D5: 45047 | E5: 7 | F5: 64.157844 | G5: 45063 | H5: 45060 | I5: 449.10491 | J5: =H5-G5 -> -3
A6: PO000005 | B6: SUP00048 | C6: PROD00041 | D6: 44865 | E6: 10 | F6: 53.179121 | G6: 44889 | H6: 44889 | I6: 531.79121 | J6: =H6-G6 -> 0
A7: PO000006 | B7: SUP00024 | C7: PROD00182 | D7: 44754 | E7: 8 | F7: 73.194289 | G7: 44771 | H7: 44774 | I7: 585.55432 | J7: =H7-G7 -> 3
A8: PO000007 | B8: SUP00025 | C8: PROD00072 | D8: 44509 | E8: 9 | F8: 72.039599 | G8: 44529 | H8: 44530 | I8: 648.35639 | J8: =H8-G8 -> 1
A9: PO000008 | B9: SUP00039 | C9: PROD00181 | D9: 45268 | E9: 11 | F9: 55.477082 | G9: 45278 | H9: 45284 | I9: 610.2479 | J9: =H9-G9 -> 6
A10: PO000009 | B10: SUP00018 | C10: PROD00077 | D10: 44674 | E10: 10 | F10: 38.26327 | G10: 44691 | H10: 44689 | I10: 382.6327 | J10: =H10-G10 -> -2
A11: PO000010 | B11: SUP00090 | C11: PROD00115 | D11: 44253 | E11: 8 | F11: 72.629361 | G11: 44264 | H11: 44268 | I11: 581.03488 | J11: =H11-G11 -> 4
A12: PO000011 | B12: SUP00077 | C12: PROD00105 | D12: 44393 | E12: 16 | F12: 74.910725 | G12: 44408 | H12: 44414 | I12: 1198.5716 | J12: =H12-G12 -> 6
A13: PO000012 | B13: SUP00075 | C13: PROD00039 | D13: 44976 | E13: 13 | F13: 47.362314 | G13: 44999 | H13: 45000 | I13: 615.71008 | J13: =H13-G13 -> 1
... A2001: PO002000 | B2001: SUP00098 | C2001: PROD00077 | D2001: 44911 | E2001: 5 | F2001: 44.087851 | G2001: 44930 | H2001: 44933 | I2001: 220.43925 | J2001: =H2001-G2001 -> 3

Sheet Data_Notes
A1: File | B1: What I checked | C1: Result | D1: Fix Planned
A2: procurement_orders | B2: blanks and duplicates | C2: none found | D2: none needed
A3: procurement_orders | B3: date columns | C3: real dates | D3: none needed
A4: procurement_orders | B4: total_cost vs quantity × unit_cost | C4: matches | D4: none needed
A5: procurement_orders | B5: days_late (actual − planned) | C5: range -3 to 6 | D5: none needed
A6: supplier_master | B6: blanks and duplicates | C6: none found (100 suppliers) | D6: none needed
A7: Clean_Data | B7: Supplier details added with VLOOKUP | C7: 2,000 orders matched, no #N/A | D7: preferred flag converted to Yes/No
A8: Clean_Data | B8: Added on_time_flag (days_late ≤ 0) and delivery_status | C8: Overall on-time rate: 38% | D8: none needed
A9: Clean_Data | B9: Added on_time_flag, delivery_status, order_year, order_month | C9: Overall on-time rate 38% | D9: none needed
A10: pivots | B10: On-time % by certification | C10: Range is 36.6% to 41.6%, so certification barely affects | D10: Show on the dashboard as an insight

Sheet Raw_Suppliers
A1: Supplier_ID | B1: Supplier_Name | C1: Country | D1: Region | E1: On_Time_Delivery_Rate | F1: Certification_Level | G1: Preferred_Supplier_Flag
A2: SUP00001 | B2: Beta Gamma Corp | C2: USA | D2: West | E2: 0.75 | F2: None | G2: 0
A3: SUP00002 | B3: Eco Gamma GmbH | C3: China | D3: South | E3: 0.8 | F3: ISO 9001 | G3: 0
A4: SUP00003 | B4: Ultra Ultra GmbH | C4: India | D4: Central | E4: 0.62 | F4: ISO 14001 | G4: 1
A5: SUP00004 | B5: Gamma Nova LLC | C5: USA | D5: North | E5: 0.66 | F5: ISO 9001 | G5: 0
A6: SUP00005 | B6: Ultra Gamma LLC | C6: Canada | D6: North | E6: 0.89 | F6: ISO 9001 | G6: 1
A7: SUP00006 | B7: Apex Fusion Ltd | C7: USA | D7: East | E7: 0.63 | F7: ISO 14001 | G7: 1
A8: SUP00007 | B8: Fusion Gamma LLC | C8: China | D8: East | E8: 0.84 | F8: ISO 9001 | G8: 1
A9: SUP00008 | B9: Omega Gamma Ltd | C9: USA | D9: Central | E9: 0.7 | F9: None | G9: 0
A10: SUP00009 | B10: Nano Vertex LLC | C10: China | D10: North | E10: 0.75 | F10: ISO 9001 | G10: 1
A11: SUP00010 | B11: Nova Alpha Corp | C11: Denmark | D11: Central | E11: 0.71 | F11: None | G11: 0
A12: SUP00011 | B12: Alpha Prime Ltd | C12: UK | D12: East | E12: 0.74 | F12: None | G12: 1
A13: SUP00012 | B13: Delta Vertex LLC | C13: China | D13: East | E13: 0.88 | F13: None | G13: 0
... A101: SUP00100 | B101: Nano Ultra Corp | C101: Canada | D101: Central | E101: 0.99 | F101: ISO 9001 | G101: 0

Sheet Clean_Data
A1: PO_ID | B1: Supplier_ID | C1: Raw_Material_ID | D1: Order_Date | E1: Order_Quantity | F1: Unit_Cost | G1: Delivery_Date_Planned | H1: Delivery_Date_Actual | I1: Total_Cost | J1: days_late | K1: supplier_name | L1: country | M1: region | N1: certification_level | O1: prefered_supplier_flag | P1: preferred_label | Q1: on_time_flag | R1: delivery_status | S1: order_year | T1: order_month
A2: PO000001 | B2: SUP00059 | C2: PROD00116 | D2: 45370 | E2: 10 | F2: 42.345023 | G2: 45384 | H2: 45385 | I2: 423.45023 | J2: =H2-G2 -> 1 | K2: =VLOOKUP(B2,Raw_Suppliers!$A$2:$G$101,2,FALSE) -> Vertex Beta GmbH | L2: =VLOOKUP(B2,Raw_Suppliers!$A$2:$G$101,3,FALSE) -> India | M2: =VLOOKUP(B2,Raw_Suppliers!$A$2:$G$101,4,FALSE) -> North | N2: =VLOOKUP(B2,Raw_Suppliers!$A$2:$G$101,6,FALSE) -> ISO 14001 | O2: =VLOOKUP(B2,Raw_Suppliers!$A$2:$G$101,7,FALSE) -> 0 | P2: =IF(O2=1,"Yes","No") -> No | Q2: =IF(J2<=0,1,0) -> 0 | R2: =IF(Q2=1,"On Time","Late") -> Late | S2: =YEAR(D2) -> 2024 | T2: =MONTH(D2) -> 3
A3: PO000002 | B3: SUP00085 | C3: PROD00153 | D3: 44371 | E3: 5 | F3: 74.805687 | G3: 44381 | H3: 44384 | I3: 374.02844 | J3: =H3-G3 -> 3 | K3: =VLOOKUP(B3,Raw_Suppliers!$A$2:$G$101,2,FALSE) -> Beta Delta LLC | L3: =VLOOKUP(B3,Raw_Suppliers!$A$2:$G$101,3,FALSE) -> Germany | M3: =VLOOKUP(B3,Raw_Suppliers!$A$2:$G$101,4,FALSE) -> Central | N3: =VLOOKUP(B3,Raw_Suppliers!$A$2:$G$101,6,FALSE) -> ISO 9001 | O3: =VLOOKUP(B3,Raw_Suppliers!$A$2:$G$101,7,FALSE) -> 1 | P3: =IF(O3=1,"Yes","No") -> Yes | Q3: =IF(J3<=0,1,0) -> 0 | R3: =IF(Q3=1,"On Time","Late") -> Late | S3: =YEAR(D3) -> 2021 | T3: =MONTH(D3) -> 6
A4: PO000003 | B4: SUP00097 | C4: PROD00170 | D4: 45154 | E4: 11 | F4: 76.080119 | G4: 45171 | H4: 45175 | I4: 836.88131 | J4: =H4-G4 -> 4 | K4: =VLOOKUP(B4,Raw_Suppliers!$A$2:$G$101,2,FALSE) -> Beta Pioneer Inc | L4: =VLOOKUP(B4,Raw_Suppliers!$A$2:$G$101,3,FALSE) -> USA | M4: =VLOOKUP(B4,Raw_Suppliers!$A$2:$G$101,4,FALSE) -> Central | N4: =VLOOKUP(B4,Raw_Suppliers!$A$2:$G$101,6,FALSE) -> ISO 45001 | O4: =VLOOKUP(B4,Raw_Suppliers!$A$2:$G$101,7,FALSE) -> 1 | P4: =IF(O4=1,"Yes","No") -> Yes | Q4: =IF(J4<=0,1,0) -> 0 | R4: =IF(Q4=1,"On Time","Late") -> Late | S4: =YEAR(D4) -> 2023 | T4: =MONTH(D4) -> 8
A5: PO000004 | B5: SUP00023 | C5: PROD00016 | D5: 45047 | E5: 7 | F5: 64.157844 | G5: 45063 | H5: 45060 | I5: 449.10491 | J5: =H5-G5 -> -3 | K5: =VLOOKUP(B5,Raw_Suppliers!$A$2:$G$101,2,FALSE) -> Nova Beta Corp | L5: =VLOOKUP(B5,Raw_Suppliers!$A$2:$G$101,3,FALSE) -> Brazil | M5: =VLOOKUP(B5,Raw_Suppliers!$A$2:$G$101,4,FALSE) -> South | N5: =VLOOKUP(B5,Raw_Suppliers!$A$2:$G$101,6,FALSE) -> ISO 14001 | O5: =VLOOKUP(B5,Raw_Suppliers!$A$2:$G$101,7,FALSE) -> 1 | P5: =IF(O5=1,"Yes","No") -> Yes | Q5: =IF(J5<=0,1,0) -> 1 | R5: =IF(Q5=1,"On Time","Late") -> On Time | S5: =YEAR(D5) -> 2023 | T5: =MONTH(D5) -> 5
A6: PO000005 | B6: SUP00048 | C6: PROD00041 | D6: 44865 | E6: 10 | F6: 53.179121 | G6: 44889 | H6: 44889 | I6: 531.79121 | J6: =H6-G6 -> 0 | K6: =VLOOKUP(B6,Raw_Suppliers!$A$2:$G$101,2,FALSE) -> Delta Gamma Corp | L6: =VLOOKUP(B6,Raw_Suppliers!$A$2:$G$101,3,FALSE) -> Denmark | M6: =VLOOKUP(B6,Raw_Suppliers!$A$2:$G$101,4,FALSE) -> West | N6: =VLOOKUP(B6,Raw_Suppliers!$A$2:$G$101,6,FALSE) -> ISO 45001 | O6: =VLOOKUP(B6,Raw_Suppliers!$A$2:$G$101,7,FALSE) -> 1 | P6: =IF(O6=1,"Yes","No") -> Yes | Q6: =IF(J6<=0,1,0) -> 1 | R6: =IF(Q6=1,"On Time","Late") -> On Time | S6: =YEAR(D6) -> 2022 | T6: =MONTH(D6) -> 10
A7: PO000006 | B7: SUP00024 | C7: PROD00182 | D7: 44754 | E7: 8 | F7: 73.194289 | G7: 44771 | H7: 44774 | I7: 585.55432 | J7: =H7-G7 -> 3 | K7: =VLOOKUP(B7,Raw_Suppliers!$A$2:$G$101,2,FALSE) -> Quantum Fusion Corp | L7: =VLOOKUP(B7,Raw_Suppliers!$A$2:$G$101,3,FALSE) -> UK | M7: =VLOOKUP(B7,Raw_Suppliers!$A$2:$G$101,4,FALSE) -> North | N7: =VLOOKUP(B7,Raw_Suppliers!$A$2:$G$101,6,FALSE) -> ISO 9001 | O7: =VLOOKUP(B7,Raw_Suppliers!$A$2:$G$101,7,FALSE) -> 0 | P7: =IF(O7=1,"Yes","No") -> No | Q7: =IF(J7<=0,1,0) -> 0 | R7: =IF(Q7=1,"On Time","Late") -> Late | S7: =YEAR(D7) -> 2022 | T7: =MONTH(D7) -> 7
A8: PO000007 | B8: SUP00025 | C8: PROD00072 | D8: 44509 | E8: 9 | F8: 72.039599 | G8: 44529 | H8: 44530 | I8: 648.35639 | J8: =H8-G8 -> 1 | K8: =VLOOKUP(B8,Raw_Suppliers!$A$2:$G$101,2,FALSE) -> Fusion Vertex Inc | L8: =VLOOKUP(B8,Raw_Suppliers!$A$2:$G$101,3,FALSE) -> Denmark | M8: =VLOOKUP(B8,Raw_Suppliers!$A$2:$G$101,4,FALSE) -> Central | N8: =VLOOKUP(B8,Raw_Suppliers!$A$2:$G$101,6,FALSE) -> ISO 45001 | O8: =VLOOKUP(B8,Raw_Suppliers!$A$2:$G$101,7,FALSE) -> 0 | P8: =IF(O8=1,"Yes","No") -> No | Q8: =IF(J8<=0,1,0) -> 0 | R8: =IF(Q8=1,"On Time","Late") -> Late | S8: =YEAR(D8) -> 2021 | T8: =MONTH(D8) -> 11
A9: PO000008 | B9: SUP00039 | C9: PROD00181 | D9: 45268 | E9: 11 | F9: 55.477082 | G9: 45278 | H9: 45284 | I9: 610.2479 | J9: =H9-G9 -> 6 | K9: =VLOOKUP(B9,Raw_Suppliers!$A$2:$G$101,2,FALSE) -> Nova Nano GmbH | L9: =VLOOKUP(B9,Raw_Suppliers!$A$2:$G$101,3,FALSE) -> Denmark | M9: =VLOOKUP(B9,Raw_Suppliers!$A$2:$G$101,4,FALSE) -> South | N9: =VLOOKUP(B9,Raw_Suppliers!$A$2:$G$101,6,FALSE) -> ISO 14001 | O9: =VLOOKUP(B9,Raw_Suppliers!$A$2:$G$101,7,FALSE) -> 1 | P9: =IF(O9=1,"Yes","No") -> Yes | Q9: =IF(J9<=0,1,0) -> 0 | R9: =IF(Q9=1,"On Time","Late") -> Late | S9: =YEAR(D9) -> 2023 | T9: =MONTH(D9) -> 12
A10: PO000009 | B10: SUP00018 | C10: PROD00077 | D10: 44674 | E10: 10 | F10: 38.26327 | G10: 44691 | H10: 44689 | I10: 382.6327 | J10: =H10-G10 -> -2 | K10: =VLOOKUP(B10,Raw_Suppliers!$A$2:$G$101,2,FALSE) -> Omega Alpha Corp | L10: =VLOOKUP(B10,Raw_Suppliers!$A$2:$G$101,3,FALSE) -> UK | M10: =VLOOKUP(B10,Raw_Suppliers!$A$2:$G$101,4,FALSE) -> West | N10: =VLOOKUP(B10,Raw_Suppliers!$A$2:$G$101,6,FALSE) -> ISO 45001 | O10: =VLOOKUP(B10,Raw_Suppliers!$A$2:$G$101,7,FALSE) -> 0 | P10: =IF(O10=1,"Yes","No") -> No | Q10: =IF(J10<=0,1,0) -> 1 | R10: =IF(Q10=1,"On Time","Late") -> On Time | S10: =YEAR(D10) -> 2022 | T10: =MONTH(D10) -> 4
A11: PO000010 | B11: SUP00090 | C11: PROD00115 | D11: 44253 | E11: 8 | F11: 72.629361 | G11: 44264 | H11: 44268 | I11: 581.03488 | J11: =H11-G11 -> 4 | K11: =VLOOKUP(B11,Raw_Suppliers!$A$2:$G$101,2,FALSE) -> Apex Apex Ltd | L11: =VLOOKUP(B11,Raw_Suppliers!$A$2:$G$101,3,FALSE) -> Canada | M11: =VLOOKUP(B11,Raw_Suppliers!$A$2:$G$101,4,FALSE) -> East | N11: =VLOOKUP(B11,Raw_Suppliers!$A$2:$G$101,6,FALSE) -> ISO 9001 | O11: =VLOOKUP(B11,Raw_Suppliers!$A$2:$G$101,7,FALSE) -> 1 | P11: =IF(O11=1,"Yes","No") -> Yes | Q11: =IF(J11<=0,1,0) -> 0 | R11: =IF(Q11=1,"On Time","Late") -> Late | S11: =YEAR(D11) -> 2021 | T11: =MONTH(D11) -> 2
A12: PO000011 | B12: SUP00077 | C12: PROD00105 | D12: 44393 | E12: 16 | F12: 74.910725 | G12: 44408 | H12: 44414 | I12: 1198.5716 | J12: =H12-G12 -> 6 | K12: =VLOOKUP(B12,Raw_Suppliers!$A$2:$G$101,2,FALSE) -> Ultra Apex Inc | L12: =VLOOKUP(B12,Raw_Suppliers!$A$2:$G$101,3,FALSE) -> India | M12: =VLOOKUP(B12,Raw_Suppliers!$A$2:$G$101,4,FALSE) -> West | N12: =VLOOKUP(B12,Raw_Suppliers!$A$2:$G$101,6,FALSE) -> ISO 9001 | O12: =VLOOKUP(B12,Raw_Suppliers!$A$2:$G$101,7,FALSE) -> 0 | P12: =IF(O12=1,"Yes","No") -> No | Q12: =IF(J12<=0,1,0) -> 0 | R12: =IF(Q12=1,"On Time","Late") -> Late | S12: =YEAR(D12) -> 2021 | T12: =MONTH(D12) -> 7
A13: PO000012 | B13: SUP00075 | C13: PROD00039 | D13: 44976 | E13: 13 | F13: 47.362314 | G13: 44999 | H13: 45000 | I13: 615.71008 | J13: =H13-G13 -> 1 | K13: =VLOOKUP(B13,Raw_Suppliers!$A$2:$G$101,2,FALSE) -> Alpha Ultra Corp | L13: =VLOOKUP(B13,Raw_Suppliers!$A$2:$G$101,3,FALSE) -> USA | M13: =VLOOKUP(B13,Raw_Suppliers!$A$2:$G$101,4,FALSE) -> Central | N13: =VLOOKUP(B13,Raw_Suppliers!$A$2:$G$101,6,FALSE) -> ISO 9001 | O13: =VLOOKUP(B13,Raw_Suppliers!$A$2:$G$101,7,FALSE) -> 1 | P13: =IF(O13=1,"Yes","No") -> Yes | Q13: =IF(J13<=0,1,0) -> 0 | R13: =IF(Q13=1,"On Time","Late") -> Late | S13: =YEAR(D13) -> 2023 | T13: =MONTH(D13) -> 2
... A2001: PO002000 | B2001: SUP00098 | C2001: PROD00077 | D2001: 44911 | E2001: 5 | F2001: 44.087851 | G2001: 44930 | H2001: 44933 | I2001: 220.43925 | J2001: =H2001-G2001 -> 3 | K2001: =VLOOKUP(B2001,Raw_Suppliers!$A$2:$G$101,2,FALSE) -> Gamma Quantum Inc | L2001: =VLOOKUP(B2001,Raw_Suppliers!$A$2:$G$101,3,FALSE) -> Germany | M2001: =VLOOKUP(B2001,Raw_Suppliers!$A$2:$G$101,4,FALSE) -> North | N2001: =VLOOKUP(B2001,Raw_Suppliers!$A$2:$G$101,6,FALSE) -> None | O2001: =VLOOKUP(B2001,Raw_Suppliers!$A$2:$G$101,7,FALSE) -> 1 | P2001: =IF(O2001=1,"Yes","No") -> Yes | Q2001: =IF(J2001<=0,1,0) -> 0 | R2001: =IF(Q2001=1,"On Time","Late") -> Late | S2001: =YEAR(D2001) -> 2022 | T2001: =MONTH(D2001) -> 12

Sheet Pivots
A3: Row Labels | B3: Average of on_time_flag | C3: Count of PO_ID | D3: Sum of Total_Cost | G3: Row Labels | H3: Average of on_time_flag | L3: Row Labels | M3: Average of on_time_flag
A4: Pioneer Omega Ltd | B4: 0.1 | C4: 20 | D4: 11574.955 | G4: 2021 | H4: 0.375 | L4: ISO 14001 | M4: 0.39034205
A5: Gamma Nova LLC | B5: 0.10344828 | C5: 29 | D5: 11745.729 | G5: 1 | H5: 0.43396226 | L5: ISO 45001 | M5: 0.41564792
A6: Ultra Ultra GmbH | B6: 0.125 | C6: 24 | D6: 11228.776 | G6: 2 | H6: 0.36666667 | L6: ISO 9001 | M6: 0.36546763
A7: Fusion Apex LLC | B7: 0.14285714 | C7: 14 | D7: 8581.6359 | G7: 3 | H7: 0.33333333 | L7: None | M7: 0.37092732
A8: Apex Eco Ltd | B8: 0.15384615 | C8: 13 | D8: 4723.8494 | G8: 4 | H8: 0.3442623 | L8: Grand Total | M8: 0.383
A9: Quantum Quantum Ltd | B9: 0.15789474 | C9: 19 | D9: 10467.94 | G9: 5 | H9: 0.3125
A10: Delta Vertex LLC | B10: 0.17647059 | C10: 17 | D10: 8026.8203 | G10: 6 | H10: 0.48333333
A11: Ultra Apex Inc | B11: 0.19047619 | C11: 21 | D11: 9776.9913 | G11: 7 | H11: 0.33333333
A12: Quantum Eco LLC | B12: 0.2 | C12: 20 | D12: 9013.569 | G12: 8 | H12: 0.43396226
A13: Fusion Gamma LLC | B13: 0.21428571 | C13: 14 | D13: 7550.0771 | G13: 9 | H13: 0.45454545
A14: Apex Omega LLC | B14: 0.22222222 | C14: 18 | D14: 10149.969 | G14: 10 | H14: 0.4047619
A15: Omega Nova GmbH | B15: 0.23809524 | C15: 21 | D15: 9543.7018 | G15: 11 | H15: 0.35135135
A16: Nano Ultra Corp | B16: 0.23809524 | C16: 21 | D16: 9101.0332 | G16: 12 | H16: 0.16666667
A17: Gamma Vertex Corp | B17: 0.25 | C17: 20 | D17: 9736.616 | G17: 2022 | H17: 0.35942492
A18: Quantum Nano Inc | B18: 0.25 | C18: 20 | D18: 8033.3553 | G18: 1 | H18: 0.39285714
A19: Pioneer Alpha Corp | B19: 0.25 | C19: 16 | D19: 7961.6158 | G19: 2 | H19: 0.35185185
A20: Nova Alpha Ltd | B20: 0.26086957 | C20: 23 | D20: 10106.154 | G20: 3 | H20: 0.359375
... A47: Vertex Delta LLC | B47: 0.37209302 | C47: 43 | D47: 19403.671 | G47: 4 | H47: 0.36666667
A48: Nano Vertex LLC | B48: 0.375 | C48: 16 | D48: 6126.7651 | G48: Grand Total | H48: 0.383
A49: Omega Beta Corp | B49: 0.38095238 | C49: 21 | D49: 9779.8595
A50: Alpha Ultra Corp | B50: 0.38461538 | C50: 39 | D50: 17441.006
A51: Beta Delta LLC | B51: 0.39130435 | C51: 23 | D51: 11486.723
A52: Fusion Fusion LLC | B52: 0.4 | C52: 20 | D52: 9507.2111
A53: Nova Gamma Ltd | B53: 0.40909091 | C53: 22 | D53: 12436.603
A54: Nova Alpha Inc | B54: 0.41666667 | C54: 12 | D54: 5568.23
A55: Vertex Delta Inc | B55: 0.41666667 | C55: 24 | D55: 12563.982
A56: Ultra Gamma LLC | B56: 0.42307692 | C56: 26 | D56: 11725.986
A57: Gamma Nano Corp | B57: 0.42857143 | C57: 21 | D57: 9750.3863
A58: Apex Fusion Ltd | B58: 0.4375 | C58: 16 | D58: 6730.5807
A59: Eco Eco Ltd | B59: 0.4375 | C59: 16 | D59: 6522.4934
A60: Beta Gamma Corp | B60: 0.4375 | C60: 16 | D60: 7509.3213
... A100: Grand Total | B100: 0.383 | C100: 2000 | D100: 915533.47

Sheet Dashboard
A1: Supplier Performance Dashboard
A3: Total Orders | D3: Total Spend | G3: On-Time Rate | J3: Avg Days Late
A4: =COUNTA(Clean_Data!A2:A2001) -> 2000 | D4: =SUM(Clean_Data!I2:I2001) -> 915533.47 | G4: =AVERAGE(Clean_Data!Q2:Q2001) -> 0.383 | J4: =AVERAGE(Clean_Data!J2:J2001) -> 1.578
D22: KEY INSIGHTS 1. Only 38.3% of orders arrive on time; the average order is 1.6 days late. 2. Certification barely matters: on-time rates range only from 36.6% to 41.6%. 3. Three suppliers are on time about 10-12% of the time: Pioneer Omega Ltd, Gamma Nova LLC and Ultra Ultra GmbH. Review or replace them first.
